--
-- PostgreSQL database dump
--

-- Dumped from database version 12.9
-- Dumped by pg_dump version 12.9

-- Started on 2022-05-22 21:38:29

SET statement_timeout = 0;
SET lock_timeout = 0;
SET idle_in_transaction_session_timeout = 0;
SET client_encoding = 'UTF8';
SET standard_conforming_strings = on;
SELECT pg_catalog.set_config('search_path', '', false);
SET check_function_bodies = false;
SET xmloption = content;
SET client_min_messages = warning;
SET row_security = off;

SET default_tablespace = '';

SET default_table_access_method = heap;

--
-- TOC entry 210 (class 1259 OID 41979)
-- Name: Combustible; Type: TABLE; Schema: public; Owner: postgres
--

CREATE TABLE public."Combustible" (
    "Id" integer NOT NULL,
    "Precio" numeric(18,2) NOT NULL,
    "Descripcion" text,
    "CategoriaId" integer,
    "EmpresaId" integer NOT NULL,
    image text DEFAULT 'https://flyclipart.com/thumb2/fuel-gas-gasoline-petrol-pump-station-icon-804201.png'::text
);


ALTER TABLE public."Combustible" OWNER TO postgres;

--
-- TOC entry 209 (class 1259 OID 41977)
-- Name: Combustible_Id_seq; Type: SEQUENCE; Schema: public; Owner: postgres
--

ALTER TABLE public."Combustible" ALTER COLUMN "Id" ADD GENERATED BY DEFAULT AS IDENTITY (
    SEQUENCE NAME public."Combustible_Id_seq"
    START WITH 1
    INCREMENT BY 1
    NO MINVALUE
    NO MAXVALUE
    CACHE 1
);


--
-- TOC entry 214 (class 1259 OID 42011)
-- Name: DetallePedido; Type: TABLE; Schema: public; Owner: postgres
--

CREATE TABLE public."DetallePedido" (
    "Id" integer NOT NULL,
    "PedidoId" integer NOT NULL,
    "CombustibleId" integer NOT NULL,
    "Cantidad" numeric(18,2) NOT NULL,
    "Precio" numeric(18,2) NOT NULL,
    "Total" numeric(18,2) NOT NULL
);


ALTER TABLE public."DetallePedido" OWNER TO postgres;

--
-- TOC entry 213 (class 1259 OID 42009)
-- Name: DetallePedido_Id_seq; Type: SEQUENCE; Schema: public; Owner: postgres
--

ALTER TABLE public."DetallePedido" ALTER COLUMN "Id" ADD GENERATED BY DEFAULT AS IDENTITY (
    SEQUENCE NAME public."DetallePedido_Id_seq"
    START WITH 1
    INCREMENT BY 1
    NO MINVALUE
    NO MAXVALUE
    CACHE 1
);


--
-- TOC entry 212 (class 1259 OID 41991)
-- Name: Pedido; Type: TABLE; Schema: public; Owner: postgres
--

CREATE TABLE public."Pedido" (
    "Id" integer NOT NULL,
    "ClienteId" integer NOT NULL,
    "GpsX" character varying(200) NOT NULL,
    "GpsY" character varying(200) NOT NULL,
    "Total" numeric(18,2) NOT NULL,
    "FormaPago" character varying(200) NOT NULL,
    "Fecha" date DEFAULT '-infinity'::date NOT NULL
);


ALTER TABLE public."Pedido" OWNER TO postgres;

--
-- TOC entry 211 (class 1259 OID 41989)
-- Name: Pedido_Id_seq; Type: SEQUENCE; Schema: public; Owner: postgres
--

ALTER TABLE public."Pedido" ALTER COLUMN "Id" ADD GENERATED BY DEFAULT AS IDENTITY (
    SEQUENCE NAME public."Pedido_Id_seq"
    START WITH 1
    INCREMENT BY 1
    NO MINVALUE
    NO MAXVALUE
    CACHE 1
);


--
-- TOC entry 208 (class 1259 OID 41964)
-- Name: Persona; Type: TABLE; Schema: public; Owner: postgres
--

CREATE TABLE public."Persona" (
    "Id" integer NOT NULL,
    "UsuariId" integer NOT NULL,
    "Nombre" character varying(50) NOT NULL,
    "Documento" character varying(50) NOT NULL,
    "Direccion" character varying(200) NOT NULL,
    gps text
);


ALTER TABLE public."Persona" OWNER TO postgres;

--
-- TOC entry 207 (class 1259 OID 41962)
-- Name: Persona_Id_seq; Type: SEQUENCE; Schema: public; Owner: postgres
--

ALTER TABLE public."Persona" ALTER COLUMN "Id" ADD GENERATED BY DEFAULT AS IDENTITY (
    SEQUENCE NAME public."Persona_Id_seq"
    START WITH 1
    INCREMENT BY 1
    NO MINVALUE
    NO MAXVALUE
    CACHE 1
);


--
-- TOC entry 204 (class 1259 OID 41927)
-- Name: Rol; Type: TABLE; Schema: public; Owner: postgres
--

CREATE TABLE public."Rol" (
    "Id" integer NOT NULL,
    "Descripcion" character varying(50) NOT NULL
);


ALTER TABLE public."Rol" OWNER TO postgres;

--
-- TOC entry 203 (class 1259 OID 41925)
-- Name: Rol_Id_seq; Type: SEQUENCE; Schema: public; Owner: postgres
--

ALTER TABLE public."Rol" ALTER COLUMN "Id" ADD GENERATED BY DEFAULT AS IDENTITY (
    SEQUENCE NAME public."Rol_Id_seq"
    START WITH 1
    INCREMENT BY 1
    NO MINVALUE
    NO MAXVALUE
    CACHE 1
);


--
-- TOC entry 206 (class 1259 OID 41934)
-- Name: Usuario; Type: TABLE; Schema: public; Owner: postgres
--

CREATE TABLE public."Usuario" (
    "Id" integer NOT NULL,
    "RolId" integer NOT NULL,
    "Login" text NOT NULL,
    contrasena text NOT NULL,
    "Email" character varying(50) NOT NULL,
    "Telefono" character varying(50) NOT NULL
);


ALTER TABLE public."Usuario" OWNER TO postgres;

--
-- TOC entry 205 (class 1259 OID 41932)
-- Name: Usuario_Id_seq; Type: SEQUENCE; Schema: public; Owner: postgres
--

ALTER TABLE public."Usuario" ALTER COLUMN "Id" ADD GENERATED BY DEFAULT AS IDENTITY (
    SEQUENCE NAME public."Usuario_Id_seq"
    START WITH 1
    INCREMENT BY 1
    NO MINVALUE
    NO MAXVALUE
    CACHE 1
);


--
-- TOC entry 202 (class 1259 OID 41920)
-- Name: __EFMigrationsHistory; Type: TABLE; Schema: public; Owner: postgres
--

CREATE TABLE public."__EFMigrationsHistory" (
    "MigrationId" character varying(150) NOT NULL,
    "ProductVersion" character varying(32) NOT NULL
);


ALTER TABLE public."__EFMigrationsHistory" OWNER TO postgres;

--
-- TOC entry 216 (class 1259 OID 50132)
-- Name: categoria; Type: TABLE; Schema: public; Owner: postgres
--

CREATE TABLE public.categoria (
    "Id" integer NOT NULL,
    "Descripcion" text
);


ALTER TABLE public.categoria OWNER TO postgres;

--
-- TOC entry 215 (class 1259 OID 50130)
-- Name: categoria_Id_seq; Type: SEQUENCE; Schema: public; Owner: postgres
--

CREATE SEQUENCE public."categoria_Id_seq"
    AS integer
    START WITH 1
    INCREMENT BY 1
    NO MINVALUE
    NO MAXVALUE
    CACHE 1;


ALTER TABLE public."categoria_Id_seq" OWNER TO postgres;

--
-- TOC entry 2909 (class 0 OID 0)
-- Dependencies: 215
-- Name: categoria_Id_seq; Type: SEQUENCE OWNED BY; Schema: public; Owner: postgres
--

ALTER SEQUENCE public."categoria_Id_seq" OWNED BY public.categoria."Id";


--
-- TOC entry 2734 (class 2604 OID 50135)
-- Name: categoria Id; Type: DEFAULT; Schema: public; Owner: postgres
--

ALTER TABLE ONLY public.categoria ALTER COLUMN "Id" SET DEFAULT nextval('public."categoria_Id_seq"'::regclass);


--
-- TOC entry 2897 (class 0 OID 41979)
-- Dependencies: 210
-- Data for Name: Combustible; Type: TABLE DATA; Schema: public; Owner: postgres
--

COPY public."Combustible" ("Id", "Precio", "Descripcion", "CategoriaId", "EmpresaId", image) FROM stdin;
2	7850.00	Nafta especial	7	22	https://flyclipart.com/thumb2/fuel-gas-gasoline-petrol-pump-station-icon-804201.png
3	97560.00	DIESEL Porã	9	23	'https://i0.wp.com/www.petropar.gov.py/wp-content/uploads/2021/12/Imagen5.png?w=653&ssl=1'
1	9850.00	Nafta ARATIRI 97	6	23	'https://i0.wp.com/www.petropar.gov.py/wp-content/uploads/2021/12/Imagen1.png?w=653&ssl=1'
\.


--
-- TOC entry 2901 (class 0 OID 42011)
-- Dependencies: 214
-- Data for Name: DetallePedido; Type: TABLE DATA; Schema: public; Owner: postgres
--

COPY public."DetallePedido" ("Id", "PedidoId", "CombustibleId", "Cantidad", "Precio", "Total") FROM stdin;
\.


--
-- TOC entry 2899 (class 0 OID 41991)
-- Dependencies: 212
-- Data for Name: Pedido; Type: TABLE DATA; Schema: public; Owner: postgres
--

COPY public."Pedido" ("Id", "ClienteId", "GpsX", "GpsY", "Total", "FormaPago", "Fecha") FROM stdin;
\.


--
-- TOC entry 2895 (class 0 OID 41964)
-- Dependencies: 208
-- Data for Name: Persona; Type: TABLE DATA; Schema: public; Owner: postgres
--

COPY public."Persona" ("Id", "UsuariId", "Nombre", "Documento", "Direccion", gps) FROM stdin;
22	44	Petrobras	xxxxx	km4	12123;34534
23	45	PetroPar	09244234	Centro Ciudad del este	14423534;-12342
24	46	Wesley Forte	7948103	Los cedrales	0;0
\.


--
-- TOC entry 2891 (class 0 OID 41927)
-- Dependencies: 204
-- Data for Name: Rol; Type: TABLE DATA; Schema: public; Owner: postgres
--

COPY public."Rol" ("Id", "Descripcion") FROM stdin;
113	usuario test
104	administrador
112	empresa
\.


--
-- TOC entry 2893 (class 0 OID 41934)
-- Dependencies: 206
-- Data for Name: Usuario; Type: TABLE DATA; Schema: public; Owner: postgres
--

COPY public."Usuario" ("Id", "RolId", "Login", contrasena, "Email", "Telefono") FROM stdin;
46	104	WesleyForte	123456	wesley@gmail.com	123
32	104	admin 2	234234	23424	123
44	112	petrolog	12345	petrobas@gmail.com	123
45	112	petroparLog	124332	petropa@gmail.com	123
\.


--
-- TOC entry 2889 (class 0 OID 41920)
-- Dependencies: 202
-- Data for Name: __EFMigrationsHistory; Type: TABLE DATA; Schema: public; Owner: postgres
--

COPY public."__EFMigrationsHistory" ("MigrationId", "ProductVersion") FROM stdin;
\.


--
-- TOC entry 2903 (class 0 OID 50132)
-- Dependencies: 216
-- Data for Name: categoria; Type: TABLE DATA; Schema: public; Owner: postgres
--

COPY public.categoria ("Id", "Descripcion") FROM stdin;
8	nafta comun
5	Gasoil Comun
6	Nafta super
9	Gasoil podiun
7	Nafta especial
\.


--
-- TOC entry 2910 (class 0 OID 0)
-- Dependencies: 209
-- Name: Combustible_Id_seq; Type: SEQUENCE SET; Schema: public; Owner: postgres
--

SELECT pg_catalog.setval('public."Combustible_Id_seq"', 3, true);


--
-- TOC entry 2911 (class 0 OID 0)
-- Dependencies: 213
-- Name: DetallePedido_Id_seq; Type: SEQUENCE SET; Schema: public; Owner: postgres
--

SELECT pg_catalog.setval('public."DetallePedido_Id_seq"', 1, false);


--
-- TOC entry 2912 (class 0 OID 0)
-- Dependencies: 211
-- Name: Pedido_Id_seq; Type: SEQUENCE SET; Schema: public; Owner: postgres
--

SELECT pg_catalog.setval('public."Pedido_Id_seq"', 1, false);


--
-- TOC entry 2913 (class 0 OID 0)
-- Dependencies: 207
-- Name: Persona_Id_seq; Type: SEQUENCE SET; Schema: public; Owner: postgres
--

SELECT pg_catalog.setval('public."Persona_Id_seq"', 25, true);


--
-- TOC entry 2914 (class 0 OID 0)
-- Dependencies: 203
-- Name: Rol_Id_seq; Type: SEQUENCE SET; Schema: public; Owner: postgres
--

SELECT pg_catalog.setval('public."Rol_Id_seq"', 125, true);


--
-- TOC entry 2915 (class 0 OID 0)
-- Dependencies: 205
-- Name: Usuario_Id_seq; Type: SEQUENCE SET; Schema: public; Owner: postgres
--

SELECT pg_catalog.setval('public."Usuario_Id_seq"', 47, true);


--
-- TOC entry 2916 (class 0 OID 0)
-- Dependencies: 215
-- Name: categoria_Id_seq; Type: SEQUENCE SET; Schema: public; Owner: postgres
--

SELECT pg_catalog.setval('public."categoria_Id_seq"', 9, true);


--
-- TOC entry 2746 (class 2606 OID 41983)
-- Name: Combustible PK_Combustible; Type: CONSTRAINT; Schema: public; Owner: postgres
--

ALTER TABLE ONLY public."Combustible"
    ADD CONSTRAINT "PK_Combustible" PRIMARY KEY ("Id");


--
-- TOC entry 2753 (class 2606 OID 42015)
-- Name: DetallePedido PK_DetallePedido; Type: CONSTRAINT; Schema: public; Owner: postgres
--

ALTER TABLE ONLY public."DetallePedido"
    ADD CONSTRAINT "PK_DetallePedido" PRIMARY KEY ("Id");


--
-- TOC entry 2749 (class 2606 OID 41998)
-- Name: Pedido PK_Pedido; Type: CONSTRAINT; Schema: public; Owner: postgres
--

ALTER TABLE ONLY public."Pedido"
    ADD CONSTRAINT "PK_Pedido" PRIMARY KEY ("Id");


--
-- TOC entry 2744 (class 2606 OID 41971)
-- Name: Persona PK_Persona; Type: CONSTRAINT; Schema: public; Owner: postgres
--

ALTER TABLE ONLY public."Persona"
    ADD CONSTRAINT "PK_Persona" PRIMARY KEY ("Id");


--
-- TOC entry 2738 (class 2606 OID 41931)
-- Name: Rol PK_Rol; Type: CONSTRAINT; Schema: public; Owner: postgres
--

ALTER TABLE ONLY public."Rol"
    ADD CONSTRAINT "PK_Rol" PRIMARY KEY ("Id");


--
-- TOC entry 2741 (class 2606 OID 41941)
-- Name: Usuario PK_Usuario; Type: CONSTRAINT; Schema: public; Owner: postgres
--

ALTER TABLE ONLY public."Usuario"
    ADD CONSTRAINT "PK_Usuario" PRIMARY KEY ("Id");


--
-- TOC entry 2736 (class 2606 OID 41924)
-- Name: __EFMigrationsHistory PK___EFMigrationsHistory; Type: CONSTRAINT; Schema: public; Owner: postgres
--

ALTER TABLE ONLY public."__EFMigrationsHistory"
    ADD CONSTRAINT "PK___EFMigrationsHistory" PRIMARY KEY ("MigrationId");


--
-- TOC entry 2755 (class 2606 OID 50137)
-- Name: categoria categoria_pk; Type: CONSTRAINT; Schema: public; Owner: postgres
--

ALTER TABLE ONLY public.categoria
    ADD CONSTRAINT categoria_pk PRIMARY KEY ("Id");


--
-- TOC entry 2750 (class 1259 OID 42027)
-- Name: IX_DetallePedido_CombustibleId; Type: INDEX; Schema: public; Owner: postgres
--

CREATE INDEX "IX_DetallePedido_CombustibleId" ON public."DetallePedido" USING btree ("CombustibleId");


--
-- TOC entry 2751 (class 1259 OID 42028)
-- Name: IX_DetallePedido_PedidoId; Type: INDEX; Schema: public; Owner: postgres
--

CREATE INDEX "IX_DetallePedido_PedidoId" ON public."DetallePedido" USING btree ("PedidoId");


--
-- TOC entry 2747 (class 1259 OID 42030)
-- Name: IX_Pedido_ClienteId; Type: INDEX; Schema: public; Owner: postgres
--

CREATE INDEX "IX_Pedido_ClienteId" ON public."Pedido" USING btree ("ClienteId");


--
-- TOC entry 2742 (class 1259 OID 42032)
-- Name: IX_Persona_UsuariId; Type: INDEX; Schema: public; Owner: postgres
--

CREATE INDEX "IX_Persona_UsuariId" ON public."Persona" USING btree ("UsuariId");


--
-- TOC entry 2739 (class 1259 OID 42033)
-- Name: IX_Usuario_RolId; Type: INDEX; Schema: public; Owner: postgres
--

CREATE INDEX "IX_Usuario_RolId" ON public."Usuario" USING btree ("RolId");


--
-- TOC entry 2759 (class 2606 OID 58305)
-- Name: Combustible EmpresaFk; Type: FK CONSTRAINT; Schema: public; Owner: postgres
--

ALTER TABLE ONLY public."Combustible"
    ADD CONSTRAINT "EmpresaFk" FOREIGN KEY ("EmpresaId") REFERENCES public."Persona"("Id") NOT VALID;


--
-- TOC entry 2761 (class 2606 OID 42016)
-- Name: DetallePedido FK_DetallePedido_Combustible_CombustibleId; Type: FK CONSTRAINT; Schema: public; Owner: postgres
--

ALTER TABLE ONLY public."DetallePedido"
    ADD CONSTRAINT "FK_DetallePedido_Combustible_CombustibleId" FOREIGN KEY ("CombustibleId") REFERENCES public."Combustible"("Id") ON DELETE CASCADE;


--
-- TOC entry 2762 (class 2606 OID 42021)
-- Name: DetallePedido FK_DetallePedido_Pedido_PedidoId; Type: FK CONSTRAINT; Schema: public; Owner: postgres
--

ALTER TABLE ONLY public."DetallePedido"
    ADD CONSTRAINT "FK_DetallePedido_Pedido_PedidoId" FOREIGN KEY ("PedidoId") REFERENCES public."Pedido"("Id") ON DELETE CASCADE;


--
-- TOC entry 2760 (class 2606 OID 42004)
-- Name: Pedido FK_Pedido_Persona_ClienteId; Type: FK CONSTRAINT; Schema: public; Owner: postgres
--

ALTER TABLE ONLY public."Pedido"
    ADD CONSTRAINT "FK_Pedido_Persona_ClienteId" FOREIGN KEY ("ClienteId") REFERENCES public."Persona"("Id") ON DELETE CASCADE;


--
-- TOC entry 2757 (class 2606 OID 41972)
-- Name: Persona FK_Persona_Usuario_UsuariId; Type: FK CONSTRAINT; Schema: public; Owner: postgres
--

ALTER TABLE ONLY public."Persona"
    ADD CONSTRAINT "FK_Persona_Usuario_UsuariId" FOREIGN KEY ("UsuariId") REFERENCES public."Usuario"("Id") ON DELETE CASCADE;


--
-- TOC entry 2756 (class 2606 OID 41942)
-- Name: Usuario FK_Usuario_Rol_RolId; Type: FK CONSTRAINT; Schema: public; Owner: postgres
--

ALTER TABLE ONLY public."Usuario"
    ADD CONSTRAINT "FK_Usuario_Rol_RolId" FOREIGN KEY ("RolId") REFERENCES public."Rol"("Id") ON DELETE CASCADE;


--
-- TOC entry 2758 (class 2606 OID 50146)
-- Name: Combustible combustible_fk_1; Type: FK CONSTRAINT; Schema: public; Owner: postgres
--

ALTER TABLE ONLY public."Combustible"
    ADD CONSTRAINT combustible_fk_1 FOREIGN KEY ("CategoriaId") REFERENCES public.categoria("Id");


-- Completed on 2022-05-22 21:38:29

--
-- PostgreSQL database dump complete
--

